question,answer
How can I place an order?,You can place an order through our official website or by visiting an authorized dealer.
Can I modify or cancel my order after placing it?,Orders can be modified or canceled within 24 hours of placement. Contact customer support for assistance.
What payment methods do you accept?,"We accept credit/debit cards, PayPal, bank transfers, and financing options where applicable."
How can I track my order status?,"Once your order is shipped, you will receive a tracking number via email."
Do you offer bulk discounts?,"Yes, we offer bulk discounts for large orders. Contact our sales team for details."
Is there an option for express shipping?,"Yes, express shipping is available for an additional fee."
Can I change my shipping address after placing an order?,Address changes can be made within 12 hours of placing the order. Contact support immediately.
Do you ship internationally?,"Yes, we offer international shipping to select countries."
How do I apply a discount code?,Enter the discount code at checkout before finalizing payment.
What should I do if I receive a damaged product?,Contact customer support within 48 hours with photos of the damage.
What is the warranty period for your products?,Warranty periods vary by product. Please check your product details for specific coverage.
How can I register my product for a warranty?,"Register your product on our website with proof of purchase.
"
What does the warranty cover?,"It covers manufacturing defects and hardware malfunctions.
"
What is not covered under the warranty?,"Damage due to misuse, accidents, or unauthorized modifications is not covered."
How do I claim a warranty?,"Contact customer support with your purchase details and issue description.
"
Do I need to provide proof of purchase for a warranty claim?,"Yes, a valid receipt or invoice is required.
"
Can I transfer the warranty to another person?,"No, warranties are non-transferable."
Is there an extended warranty available?,"Yes, you can purchase an extended warranty for select products."
What should I do if my product is defective within the warranty period?,Reach out to customer support for repair or replacement options.
Do you offer a replacement or repair under warranty?,"Depending on the issue, we offer either repairs or a replacement.Depending on the issue, we offer either repairs or a replacement."
How can I find an authorized dealer near me?,Use the dealer locator tool on our website
Can I become a dealer for your products?,"Yes, visit our dealer application page for details.
"
What are the requirements to become a dealer?,Requirements include business registration and a minimum purchase commitment.
Do dealers offer the same pricing as the online store?,"Pricing may vary by dealer.
"
Do your dealers provide after-sales service?,"Yes, authorized dealers offer support and service."
How can I verify if a dealer is authorized?,Check our website for a list of authorized dealers.
Do dealers offer financing options?,Some dealers may provide financing. Contact your local dealer for details.
Can I purchase directly from a dealer instead of the website?,"Yes, you can buy directly from authorized dealers."
Do dealers offer installation services?,Some dealers provide installation services at an additional cost.
What should I do if a dealer is not responding to my queries?,Contact our customer service team for assistance.
What is your return policy?,"Products can be returned within 30 days of purchase under specific conditions.
"
How do I initiate a return?,Submit a return request via our website or contact support.
Are there any products that cannot be returned?,"Certain items like clearance products and customized items are non-returnable.
"
How long does it take to process a refund?,"Refunds are processed within 7-10 business days.
"
Do you charge a restocking fee for returns?,A restocking fee may apply to some returns.
Can I exchange a product instead of returning it?,"Yes, exchanges are available for eligible products."
What if I received the wrong item?,Contact support immediately for a replacement.
Can I return an item after using it?,Used items may not be eligible for return.
Do you offer store credit for returns?,"Yes, store credit is available as an alternative to a refund."
How will I be refunded for my return?,"Refunds are issued to the original payment method.
"
How can I contact technical support?,"Reach out via phone, email, or live chat."
Do you offer remote troubleshooting?,"Yes, remote assistance is available for supported products."
What information should I provide when contacting support?,"Provide your product details, purchase date, and a description of the issue."
How long does it take to get a response from tech support?,Responses are typically provided within 24-48 hours.
Do you provide software updates for your products?,"Yes, software updates are available on our website."
Where can I download user manuals and guides?,Manuals and guides are available on our support page.
Can I request on-site technical support?,On-site support is available in select regions.
What should I do if my product stops working?,Try basic troubleshooting or contact support.
Do you offer a replacement for products under tech support?,Replacements are provided based on warranty coverage.
Are there any troubleshooting steps I can follow before contacting support?,"Yes, refer to our online troubleshooting guide for common issues.
"